Neighborhood,Id,Estimate; Total:,Margin of Error; Total:,Estimate; Enrolled in school:,Margin of Error; Enrolled in school:,"Estimate; Enrolled in school: - Enrolled in nursery school, preschool","Margin of Error; Enrolled in school: - Enrolled in nursery school, preschool",Estimate; Enrolled in school: - Enrolled in kindergarten,Margin of Error; Enrolled in school: - Enrolled in kindergarten,Estimate; Enrolled in school: - Enrolled in grade 1,Margin of Error; Enrolled in school: - Enrolled in grade 1,Estimate; Enrolled in school: - Enrolled in grade 2,Margin of Error; Enrolled in school: - Enrolled in grade 2,Estimate; Enrolled in school: - Enrolled in grade 3,Margin of Error; Enrolled in school: - Enrolled in grade 3,Estimate; Enrolled in school: - Enrolled in grade 4,Margin of Error; Enrolled in school: - Enrolled in grade 4,Estimate; Enrolled in school: - Enrolled in grade 5,Margin of Error; Enrolled in school: - Enrolled in grade 5,Estimate; Enrolled in school: - Enrolled in grade 6,Margin of Error; Enrolled in school: - Enrolled in grade 6,Estimate; Enrolled in school: - Enrolled in grade 7,Margin of Error; Enrolled in school: - Enrolled in grade 7,Estimate; Enrolled in school: - Enrolled in grade 8,Margin of Error; Enrolled in school: - Enrolled in grade 8,Estimate; Enrolled in school: - Enrolled in grade 9,Margin of Error; Enrolled in school: - Enrolled in grade 9,Estimate; Enrolled in school: - Enrolled in grade 10,Margin of Error; Enrolled in school: - Enrolled in grade 10,Estimate; Enrolled in school: - Enrolled in grade 11,Margin of Error; Enrolled in school: - Enrolled in grade 11,Estimate; Enrolled in school: - Enrolled in grade 12,Margin of Error; Enrolled in school: - Enrolled in grade 12,"Estimate; Enrolled in school: - Enrolled in college, undergraduate years","Margin of Error; Enrolled in school: - Enrolled in college, undergraduate years",Estimate; Enrolled in school: - Graduate or professional school,Margin of Error; Enrolled in school: - Graduate or professional school,Estimate; Not enrolled in school,Margin of Error; Not enrolled in school
Allegheny Center,1,0,10,0,10,0,10,0,10,0,10,0,10,0,10,0,10,0,10,0,10,0,10,0,10,0,10,0,10,0,10,0,10,0,10,0,10,0,10
Allegheny West,2,0,10,0,10,0,10,0,10,0,10,0,10,0,10,0,10,0,10,0,10,0,10,0,10,0,10,0,10,0,10,0,10,0,10,0,10,0,10
Allentown,3,12.0,23.6854385647,12.0,23.6854385647,0.0,17.3205080757,0.0,17.3205080757,0.0,17.3205080757,0.0,17.3205080757,0.0,17.3205080757,12.0,23.6854385647,0.0,17.3205080757,0.0,17.3205080757,0.0,17.3205080757,0.0,17.3205080757,0.0,17.3205080757,0.0,17.3205080757,0.0,17.3205080757,0.0,17.3205080757,0.0,17.3205080757,0.0,17.3205080757,0.0,17.3205080757
Arlington,4,0.0,17.3205080757,0.0,17.3205080757,0.0,17.3205080757,0.0,17.3205080757,0.0,17.3205080757,0.0,17.3205080757,0.0,17.3205080757,0.0,17.3205080757,0.0,17.3205080757,0.0,17.3205080757,0.0,17.3205080757,0.0,17.3205080757,0.0,17.3205080757,0.0,17.3205080757,0.0,17.3205080757,0.0,17.3205080757,0.0,17.3205080757,0.0,17.3205080757,0.0,17.3205080757
Arlington Heights,5,0,10,0,10,0,10,0,10,0,10,0,10,0,10,0,10,0,10,0,10,0,10,0,10,0,10,0,10,0,10,0,10,0,10,0,10,0,10
Banksville,6,0.0,20.0,0.0,20.0,0.0,20.0,0.0,20.0,0.0,20.0,0.0,20.0,0.0,20.0,0.0,20.0,0.0,20.0,0.0,20.0,0.0,20.0,0.0,20.0,0.0,20.0,0.0,20.0,0.0,20.0,0.0,20.0,0.0,20.0,0.0,20.0,0.0,20.0
Bedford Dwellings,7,0,10,0,10,0,10,0,10,0,10,0,10,0,10,0,10,0,10,0,10,0,10,0,10,0,10,0,10,0,10,0,10,0,10,0,10,0,10
Beechview,8,35.0,63.529520697,17.0,41.0365690573,0.0,31.6227766016,0.0,31.6227766016,0.0,31.6227766016,0.0,31.6227766016,0.0,31.6227766016,0.0,31.6227766016,0.0,31.6227766016,0.0,31.6227766016,0.0,31.6227766016,0.0,31.6227766016,0.0,31.6227766016,17.0,41.0365690573,0.0,31.6227766016,0.0,31.6227766016,0.0,31.6227766016,0.0,31.6227766016,18.0,41.0365690573
Beltzhoover,9,0.0,20.0,0.0,20.0,0.0,20.0,0.0,20.0,0.0,20.0,0.0,20.0,0.0,20.0,0.0,20.0,0.0,20.0,0.0,20.0,0.0,20.0,0.0,20.0,0.0,20.0,0.0,20.0,0.0,20.0,0.0,20.0,0.0,20.0,0.0,20.0,0.0,20.0
Bloomfield,10,10.0,31.7017349682,8.0,32.6955654485,0.0,31.6227766016,0.0,31.6227766016,0.0,31.6227766016,0.0,31.6227766016,0.0,31.6227766016,0.0,31.6227766016,0.0,31.6227766016,0.0,31.6227766016,0.0,31.6227766016,0.0,31.6227766016,0.0,31.6227766016,0.0,31.6227766016,0.0,31.6227766016,0.0,31.6227766016,0.0,31.6227766016,8.0,32.6955654485,2.0,30.5941170816
Bluff,11,8.0,22.9128784748,8.0,22.9128784748,0.0,20.0,0.0,20.0,0.0,20.0,0.0,20.0,0.0,20.0,0.0,20.0,0.0,20.0,0.0,20.0,0.0,20.0,0.0,20.0,0.0,20.0,0.0,20.0,0.0,20.0,0.0,20.0,8.0,22.9128784748,0.0,20.0,0.0,20.0
Bon Air,12,0,10,0,10,0,10,0,10,0,10,0,10,0,10,0,10,0,10,0,10,0,10,0,10,0,10,0,10,0,10,0,10,0,10,0,10,0,10
Brighton Heights,13,15.0,34.292856399,7.0,27.7308492477,0.0,26.4575131106,0.0,26.4575131106,0.0,26.4575131106,0.0,26.4575131106,0.0,26.4575131106,7.0,27.7308492477,0.0,26.4575131106,0.0,26.4575131106,0.0,26.4575131106,0.0,26.4575131106,0.0,26.4575131106,0.0,26.4575131106,0.0,26.4575131106,0.0,26.4575131106,0.0,26.4575131106,0.0,26.4575131106,8.0,27.276363394
Brookline,14,41.0,65.2686754882,0.0,38.729833462,0.0,38.729833462,0.0,38.729833462,0.0,38.729833462,0.0,38.729833462,0.0,38.729833462,0.0,38.729833462,0.0,38.729833462,0.0,38.729833462,0.0,38.729833462,0.0,38.729833462,0.0,38.729833462,0.0,38.729833462,0.0,38.729833462,0.0,38.729833462,0.0,38.729833462,0.0,38.729833462,41.0,65.2686754882
California-Kirkbride,15,11,16,11,16,0,10,0,10,0,10,0,10,0,10,6,8,0,10,5,8,0,10,0,10,0,10,0,10,0,10,0,10,0,10,0,10,0,10
Carrick,16,45.0,54.7174560812,26.0,52.9150262212,0.0,36.0555127546,0.0,36.0555127546,0.0,36.0555127546,0.0,36.0555127546,0.0,36.0555127546,0.0,36.0555127546,0.0,36.0555127546,0.0,36.0555127546,0.0,36.0555127546,0.0,36.0555127546,0.0,36.0555127546,0.0,36.0555127546,0.0,36.0555127546,0.0,36.0555127546,0.0,36.0555127546,26.0,52.9150262212,19.0,38.6522961801
Central Business District,17,2.0,22.7156333831,2.0,22.7156333831,0.0,24.4948974278,0.0,24.4948974278,0.0,24.4948974278,0.0,24.4948974278,0.0,24.4948974278,0.0,24.4948974278,0.0,24.4948974278,0.0,24.4948974278,0.0,24.4948974278,0.0,24.4948974278,0.0,24.4948974278,0.0,24.4948974278,0.0,24.4948974278,0.0,24.4948974278,2.0,22.7156333831,0.0,24.4948974278,0.0,24.4948974278
Central Lawrenceville,18,28.0,38.3275357935,8.0,25.3771550809,0.0,24.4948974278,0.0,24.4948974278,0.0,24.4948974278,0.0,24.4948974278,0.0,24.4948974278,0.0,24.4948974278,0.0,24.4948974278,0.0,24.4948974278,0.0,24.4948974278,0.0,24.4948974278,0.0,24.4948974278,0.0,24.4948974278,0.0,24.4948974278,0.0,24.4948974278,8.0,25.3771550809,0.0,24.4948974278,20.0,30.495901364
Central Northside,19,122.0,157.432525229,59.0,95.0578771065,0.0,17.3205080757,0.0,17.3205080757,16.0,28.7228132327,0.0,17.3205080757,0.0,17.3205080757,16.0,28.7228132327,0.0,17.3205080757,0.0,17.3205080757,14.0,27.0,0.0,17.3205080757,0.0,17.3205080757,13.0,26.1533936612,0.0,17.3205080757,0.0,17.3205080757,0.0,17.3205080757,0.0,17.3205080757,63.0,68.9927532426
Central Oakland,20,51.0,57.7581163128,27.0,44.3170396123,0.0,17.3205080757,0.0,17.3205080757,0.0,17.3205080757,0.0,17.3205080757,0.0,17.3205080757,0.0,17.3205080757,0.0,17.3205080757,0.0,17.3205080757,0.0,17.3205080757,0.0,17.3205080757,0.0,17.3205080757,0.0,17.3205080757,0.0,17.3205080757,0.0,17.3205080757,27.0,44.3170396123,0.0,17.3205080757,24.0,39.6106046407
Chartiers City,21,0,10,0,10,0,10,0,10,0,10,0,10,0,10,0,10,0,10,0,10,0,10,0,10,0,10,0,10,0,10,0,10,0,10,0,10,0,10
Chateau,22,0,10,0,10,0,10,0,10,0,10,0,10,0,10,0,10,0,10,0,10,0,10,0,10,0,10,0,10,0,10,0,10,0,10,0,10,0,10
Crafton Heights,23,85.0,70.3206939671,31.0,39.0512483796,0.0,20.0,0.0,20.0,0.0,20.0,0.0,20.0,4.0,18.6815416922,0.0,20.0,0.0,20.0,5.0,18.6815416922,0.0,20.0,4.0,19.0787840284,0.0,20.0,0.0,20.0,0.0,20.0,0.0,20.0,18.0,31.2409987036,0.0,20.0,54.0,42.0119030752
Crawford-Roberts,24,83.0,127.393092434,28.0,44.1474801093,0.0,14.1421356237,0.0,14.1421356237,0.0,14.1421356237,0.0,14.1421356237,0.0,14.1421356237,0.0,14.1421356237,0.0,14.1421356237,0.0,14.1421356237,0.0,14.1421356237,0.0,14.1421356237,0.0,14.1421356237,28.0,44.1474801093,0.0,14.1421356237,0.0,14.1421356237,0.0,14.1421356237,0.0,14.1421356237,55.0,85.5862138431
Duquesne Heights,25,0.0,14.1421356237,0.0,14.1421356237,0.0,14.1421356237,0.0,14.1421356237,0.0,14.1421356237,0.0,14.1421356237,0.0,14.1421356237,0.0,14.1421356237,0.0,14.1421356237,0.0,14.1421356237,0.0,14.1421356237,0.0,14.1421356237,0.0,14.1421356237,0.0,14.1421356237,0.0,14.1421356237,0.0,14.1421356237,0.0,14.1421356237,0.0,14.1421356237,0.0,14.1421356237
East Allegheny,26,21.0,28.6356421266,0.0,14.1421356237,0.0,14.1421356237,0.0,14.1421356237,0.0,14.1421356237,0.0,14.1421356237,0.0,14.1421356237,0.0,14.1421356237,0.0,14.1421356237,0.0,14.1421356237,0.0,14.1421356237,0.0,14.1421356237,0.0,14.1421356237,0.0,14.1421356237,0.0,14.1421356237,0.0,14.1421356237,0.0,14.1421356237,0.0,14.1421356237,21.0,28.6356421266
East Carnegie,27,0,10,0,10,0,10,0,10,0,10,0,10,0,10,0,10,0,10,0,10,0,10,0,10,0,10,0,10,0,10,0,10,0,10,0,10,0,10
East Hills,28,0.0,17.3205080757,0.0,17.3205080757,0.0,17.3205080757,0.0,17.3205080757,0.0,17.3205080757,0.0,17.3205080757,0.0,17.3205080757,0.0,17.3205080757,0.0,17.3205080757,0.0,17.3205080757,0.0,17.3205080757,0.0,17.3205080757,0.0,17.3205080757,0.0,17.3205080757,0.0,17.3205080757,0.0,17.3205080757,0.0,17.3205080757,0.0,17.3205080757,0.0,17.3205080757
East Liberty,29,48.0,66.302337817,22.0,43.0813184571,0.0,28.2842712474,0.0,28.2842712474,0.0,28.2842712474,0.0,28.2842712474,0.0,28.2842712474,0.0,28.2842712474,0.0,28.2842712474,0.0,28.2842712474,0.0,28.2842712474,0.0,28.2842712474,0.0,28.2842712474,0.0,28.2842712474,0.0,28.2842712474,0.0,28.2842712474,22.0,43.0813184571,0.0,28.2842712474,26.0,38.3666521865
Elliott,30,17.0,28.7228132327,17.0,28.7228132327,0.0,17.3205080757,0.0,17.3205080757,0.0,17.3205080757,0.0,17.3205080757,0.0,17.3205080757,0.0,17.3205080757,0.0,17.3205080757,0.0,17.3205080757,0.0,17.3205080757,0.0,17.3205080757,0.0,17.3205080757,0.0,17.3205080757,0.0,17.3205080757,0.0,17.3205080757,17.0,28.7228132327,0.0,17.3205080757,0.0,17.3205080757
Esplen,31,0,10,0,10,0,10,0,10,0,10,0,10,0,10,0,10,0,10,0,10,0,10,0,10,0,10,0,10,0,10,0,10,0,10,0,10,0,10
Fairywood,32,0,10,0,10,0,10,0,10,0,10,0,10,0,10,0,10,0,10,0,10,0,10,0,10,0,10,0,10,0,10,0,10,0,10,0,10,0,10
Fineview,33,16.0,21.4709105536,10.0,15.6204993518,0.0,14.1421356237,0.0,14.1421356237,0.0,14.1421356237,0.0,14.1421356237,0.0,14.1421356237,0.0,14.1421356237,0.0,14.1421356237,0.0,14.1421356237,0.0,14.1421356237,0.0,14.1421356237,0.0,14.1421356237,0.0,14.1421356237,0.0,14.1421356237,10.0,15.6204993518,0.0,14.1421356237,0.0,14.1421356237,6.0,12.8062484749
Friendship,34,0.0,14.1421356237,0.0,14.1421356237,0.0,14.1421356237,0.0,14.1421356237,0.0,14.1421356237,0.0,14.1421356237,0.0,14.1421356237,0.0,14.1421356237,0.0,14.1421356237,0.0,14.1421356237,0.0,14.1421356237,0.0,14.1421356237,0.0,14.1421356237,0.0,14.1421356237,0.0,14.1421356237,0.0,14.1421356237,0.0,14.1421356237,0.0,14.1421356237,0.0,14.1421356237
Garfield,35,53.0,55.3534100124,7.0,23.3238075794,0.0,22.360679775,0.0,22.360679775,0.0,22.360679775,0.0,22.360679775,0.0,22.360679775,0.0,22.360679775,0.0,22.360679775,0.0,22.360679775,0.0,22.360679775,0.0,22.360679775,0.0,22.360679775,0.0,22.360679775,0.0,22.360679775,0.0,22.360679775,7.0,23.3238075794,0.0,22.360679775,46.0,54.9545266561
Glen Hazel,36,0,10,0,10,0,10,0,10,0,10,0,10,0,10,0,10,0,10,0,10,0,10,0,10,0,10,0,10,0,10,0,10,0,10,0,10,0,10
Greenfield,37,75.0,112.609946275,33.0,55.7135531087,0.0,29.9999999999,0.0,29.9999999999,0.0,29.9999999999,0.0,29.9999999999,0.0,29.9999999999,0.0,29.9999999999,0.0,29.9999999999,0.0,29.9999999999,0.0,29.9999999999,0.0,29.9999999999,0.0,29.9999999999,0.0,29.9999999999,0.0,29.9999999999,0.0,29.9999999999,33.0,55.7135531087,0.0,29.9999999999,42.0,69.0579466826
Hays,38,0,10,0,10,0,10,0,10,0,10,0,10,0,10,0,10,0,10,0,10,0,10,0,10,0,10,0,10,0,10,0,10,0,10,0,10,0,10
Hazelwood,39,0.0,26.4575131106,0.0,26.4575131106,0.0,26.4575131106,0.0,26.4575131106,0.0,26.4575131106,0.0,26.4575131106,0.0,26.4575131106,0.0,26.4575131106,0.0,26.4575131106,0.0,26.4575131106,0.0,26.4575131106,0.0,26.4575131106,0.0,26.4575131106,0.0,26.4575131106,0.0,26.4575131106,0.0,26.4575131106,0.0,26.4575131106,0.0,26.4575131106,0.0,26.4575131106
Highland Park,40,23.0,45.4862616621,0.0,28.2842712474,0.0,28.2842712474,0.0,28.2842712474,0.0,28.2842712474,0.0,28.2842712474,0.0,28.2842712474,0.0,28.2842712474,0.0,28.2842712474,0.0,28.2842712474,0.0,28.2842712474,0.0,28.2842712474,0.0,28.2842712474,0.0,28.2842712474,0.0,28.2842712474,0.0,28.2842712474,0.0,28.2842712474,0.0,28.2842712474,23.0,45.4862616621
Homewood North,41,4.0,20.8806130178,0.0,22.360679775,0.0,22.360679775,0.0,22.360679775,0.0,22.360679775,0.0,22.360679775,0.0,22.360679775,0.0,22.360679775,0.0,22.360679775,0.0,22.360679775,0.0,22.360679775,0.0,22.360679775,0.0,22.360679775,0.0,22.360679775,0.0,22.360679775,0.0,22.360679775,0.0,22.360679775,0.0,22.360679775,4.0,20.8806130178
Homewood South,42,3.0,23.1516738056,0.0,24.4948974278,0.0,24.4948974278,0.0,24.4948974278,0.0,24.4948974278,0.0,24.4948974278,0.0,24.4948974278,0.0,24.4948974278,0.0,24.4948974278,0.0,24.4948974278,0.0,24.4948974278,0.0,24.4948974278,0.0,24.4948974278,0.0,24.4948974278,0.0,24.4948974278,0.0,24.4948974278,0.0,24.4948974278,0.0,24.4948974278,3.0,23.1516738056
Homewood West,43,8.0,17.2046505341,0.0,14.1421356237,0.0,14.1421356237,0.0,14.1421356237,0.0,14.1421356237,0.0,14.1421356237,0.0,14.1421356237,0.0,14.1421356237,0.0,14.1421356237,0.0,14.1421356237,0.0,14.1421356237,0.0,14.1421356237,0.0,14.1421356237,0.0,14.1421356237,0.0,14.1421356237,0.0,14.1421356237,0.0,14.1421356237,0.0,14.1421356237,8.0,17.2046505341
Knoxville,44,25.0,44.955533586,0.0,24.4948974278,0.0,24.4948974278,0.0,24.4948974278,0.0,24.4948974278,0.0,24.4948974278,0.0,24.4948974278,0.0,24.4948974278,0.0,24.4948974278,0.0,24.4948974278,0.0,24.4948974278,0.0,24.4948974278,0.0,24.4948974278,0.0,24.4948974278,0.0,24.4948974278,0.0,24.4948974278,0.0,24.4948974278,0.0,24.4948974278,25.0,44.955533586
Larimer,45,0.0,20.0,0.0,20.0,0.0,20.0,0.0,20.0,0.0,20.0,0.0,20.0,0.0,20.0,0.0,20.0,0.0,20.0,0.0,20.0,0.0,20.0,0.0,20.0,0.0,20.0,0.0,20.0,0.0,20.0,0.0,20.0,0.0,20.0,0.0,20.0,0.0,20.0
Lincoln Place,46,0.0,22.360679775,0.0,22.360679775,0.0,22.360679775,0.0,22.360679775,0.0,22.360679775,0.0,22.360679775,0.0,22.360679775,0.0,22.360679775,0.0,22.360679775,0.0,22.360679775,0.0,22.360679775,0.0,22.360679775,0.0,22.360679775,0.0,22.360679775,0.0,22.360679775,0.0,22.360679775,0.0,22.360679775,0.0,22.360679775,0.0,22.360679775
Lincoln-Lemington-Belmar,47,6.0,25.8650343128,6.0,25.8650343128,0.0,24.4948974278,0.0,24.4948974278,0.0,24.4948974278,0.0,24.4948974278,0.0,24.4948974278,0.0,24.4948974278,0.0,24.4948974278,0.0,24.4948974278,0.0,24.4948974278,0.0,24.4948974278,0.0,24.4948974278,0.0,24.4948974278,0.0,24.4948974278,0.0,24.4948974278,6.0,25.8650343128,0.0,24.4948974278,0.0,24.4948974278
Lower Lawrenceville,48,0.0,14.1421356237,0.0,14.1421356237,0.0,14.1421356237,0.0,14.1421356237,0.0,14.1421356237,0.0,14.1421356237,0.0,14.1421356237,0.0,14.1421356237,0.0,14.1421356237,0.0,14.1421356237,0.0,14.1421356237,0.0,14.1421356237,0.0,14.1421356237,0.0,14.1421356237,0.0,14.1421356237,0.0,14.1421356237,0.0,14.1421356237,0.0,14.1421356237,0.0,14.1421356237
Manchester,49,0.0,14.1421356237,0.0,14.1421356237,0.0,14.1421356237,0.0,14.1421356237,0.0,14.1421356237,0.0,14.1421356237,0.0,14.1421356237,0.0,14.1421356237,0.0,14.1421356237,0.0,14.1421356237,0.0,14.1421356237,0.0,14.1421356237,0.0,14.1421356237,0.0,14.1421356237,0.0,14.1421356237,0.0,14.1421356237,0.0,14.1421356237,0.0,14.1421356237,0.0,14.1421356237
Marshall-Shadeland,50,55.0,89.5544527089,5.0,22.360679775,0.0,22.360679775,0.0,22.360679775,0.0,22.360679775,0.0,22.360679775,0.0,22.360679775,0.0,22.360679775,0.0,22.360679775,0.0,22.360679775,0.0,22.360679775,0.0,22.360679775,5.0,22.360679775,0.0,22.360679775,0.0,22.360679775,0.0,22.360679775,0.0,22.360679775,0.0,22.360679775,50.0,89.0
Middle Hill,51,0.0,17.3205080757,0.0,17.3205080757,0.0,17.3205080757,0.0,17.3205080757,0.0,17.3205080757,0.0,17.3205080757,0.0,17.3205080757,0.0,17.3205080757,0.0,17.3205080757,0.0,17.3205080757,0.0,17.3205080757,0.0,17.3205080757,0.0,17.3205080757,0.0,17.3205080757,0.0,17.3205080757,0.0,17.3205080757,0.0,17.3205080757,0.0,17.3205080757,0.0,17.3205080757
Morningside,52,21.0,36.3868107973,0.0,20.0,0.0,20.0,0.0,20.0,0.0,20.0,0.0,20.0,0.0,20.0,0.0,20.0,0.0,20.0,0.0,20.0,0.0,20.0,0.0,20.0,0.0,20.0,0.0,20.0,0.0,20.0,0.0,20.0,0.0,20.0,0.0,20.0,21.0,36.3868107973
Mount Oliver Borough,53,37.0,66.302337817,12.0,26.4575131106,0.0,20.0,0.0,20.0,0.0,20.0,12.0,26.4575131106,0.0,20.0,0.0,20.0,0.0,20.0,0.0,20.0,0.0,20.0,0.0,20.0,0.0,20.0,0.0,20.0,0.0,20.0,0.0,20.0,0.0,20.0,0.0,20.0,25.0,46.357307946
Mount Washington,54,0.0,29.9999999999,0.0,29.9999999999,0.0,29.9999999999,0.0,29.9999999999,0.0,29.9999999999,0.0,29.9999999999,0.0,29.9999999999,0.0,29.9999999999,0.0,29.9999999999,0.0,29.9999999999,0.0,29.9999999999,0.0,29.9999999999,0.0,29.9999999999,0.0,29.9999999999,0.0,29.9999999999,0.0,29.9999999999,0.0,29.9999999999,0.0,29.9999999999,0.0,29.9999999999
Mt. Oliver,55,0,10,0,10,0,10,0,10,0,10,0,10,0,10,0,10,0,10,0,10,0,10,0,10,0,10,0,10,0,10,0,10,0,10,0,10,0,10
New Homestead,56,0,10,0,10,0,10,0,10,0,10,0,10,0,10,0,10,0,10,0,10,0,10,0,10,0,10,0,10,0,10,0,10,0,10,0,10,0,10
North Oakland,57,125.0,109.073369802,91.0,74.7328575661,0.0,24.4948974278,0.0,24.4948974278,0.0,24.4948974278,0.0,24.4948974278,0.0,24.4948974278,0.0,24.4948974278,0.0,24.4948974278,0.0,24.4948974278,0.0,24.4948974278,0.0,24.4948974278,0.0,24.4948974278,0.0,24.4948974278,0.0,24.4948974278,11.0,28.7054001889,47.0,52.9528091795,33.0,39.8622628559,34.0,45.7165178027
North Shore,58,0.0,14.1421356237,0.0,14.1421356237,0.0,14.1421356237,0.0,14.1421356237,0.0,14.1421356237,0.0,14.1421356237,0.0,14.1421356237,0.0,14.1421356237,0.0,14.1421356237,0.0,14.1421356237,0.0,14.1421356237,0.0,14.1421356237,0.0,14.1421356237,0.0,14.1421356237,0.0,14.1421356237,0.0,14.1421356237,0.0,14.1421356237,0.0,14.1421356237,0.0,14.1421356237
Northview Heights,59,0,10,0,10,0,10,0,10,0,10,0,10,0,10,0,10,0,10,0,10,0,10,0,10,0,10,0,10,0,10,0,10,0,10,0,10,0,10
Oakwood,60,0,10,0,10,0,10,0,10,0,10,0,10,0,10,0,10,0,10,0,10,0,10,0,10,0,10,0,10,0,10,0,10,0,10,0,10,0,10
Overbrook,61,0.0,22.360679775,0.0,22.360679775,0.0,22.360679775,0.0,22.360679775,0.0,22.360679775,0.0,22.360679775,0.0,22.360679775,0.0,22.360679775,0.0,22.360679775,0.0,22.360679775,0.0,22.360679775,0.0,22.360679775,0.0,22.360679775,0.0,22.360679775,0.0,22.360679775,0.0,22.360679775,0.0,22.360679775,0.0,22.360679775,0.0,22.360679775
Perry North,62,15.0,25.0,9.0,25.3771550809,0.0,24.4948974278,0.0,24.4948974278,0.0,24.4948974278,0.0,24.4948974278,0.0,24.4948974278,0.0,24.4948974278,9.0,25.3771550809,0.0,24.4948974278,0.0,24.4948974278,0.0,24.4948974278,0.0,24.4948974278,0.0,24.4948974278,0.0,24.4948974278,0.0,24.4948974278,0.0,24.4948974278,0.0,24.4948974278,6.0,24.1039415864
Perry South,63,0.0,24.4948974278,0.0,24.4948974278,0.0,24.4948974278,0.0,24.4948974278,0.0,24.4948974278,0.0,24.4948974278,0.0,24.4948974278,0.0,24.4948974278,0.0,24.4948974278,0.0,24.4948974278,0.0,24.4948974278,0.0,24.4948974278,0.0,24.4948974278,0.0,24.4948974278,0.0,24.4948974278,0.0,24.4948974278,0.0,24.4948974278,0.0,24.4948974278,0.0,24.4948974278
Point Breeze,64,0.0,26.4575131106,0.0,26.4575131106,0.0,26.4575131106,0.0,26.4575131106,0.0,26.4575131106,0.0,26.4575131106,0.0,26.4575131106,0.0,26.4575131106,0.0,26.4575131106,0.0,26.4575131106,0.0,26.4575131106,0.0,26.4575131106,0.0,26.4575131106,0.0,26.4575131106,0.0,26.4575131106,0.0,26.4575131106,0.0,26.4575131106,0.0,26.4575131106,0.0,26.4575131106
Point Breeze North,65,0.0,17.3205080757,0.0,17.3205080757,0.0,17.3205080757,0.0,17.3205080757,0.0,17.3205080757,0.0,17.3205080757,0.0,17.3205080757,0.0,17.3205080757,0.0,17.3205080757,0.0,17.3205080757,0.0,17.3205080757,0.0,17.3205080757,0.0,17.3205080757,0.0,17.3205080757,0.0,17.3205080757,0.0,17.3205080757,0.0,17.3205080757,0.0,17.3205080757,0.0,17.3205080757
Polish Hill,66,5.0,12.2065556157,0.0,14.1421356237,0.0,14.1421356237,0.0,14.1421356237,0.0,14.1421356237,0.0,14.1421356237,0.0,14.1421356237,0.0,14.1421356237,0.0,14.1421356237,0.0,14.1421356237,0.0,14.1421356237,0.0,14.1421356237,0.0,14.1421356237,0.0,14.1421356237,0.0,14.1421356237,0.0,14.1421356237,0.0,14.1421356237,0.0,14.1421356237,5.0,12.2065556157
Regent Square,67,0,10,0,10,0,10,0,10,0,10,0,10,0,10,0,10,0,10,0,10,0,10,0,10,0,10,0,10,0,10,0,10,0,10,0,10,0,10
Ridgemont,68,0,10,0,10,0,10,0,10,0,10,0,10,0,10,0,10,0,10,0,10,0,10,0,10,0,10,0,10,0,10,0,10,0,10,0,10,0,10
Shadyside,69,52.0,59.6573549532,29.0,55.4436651025,0.0,37.4165738677,0.0,37.4165738677,0.0,37.4165738677,0.0,37.4165738677,0.0,37.4165738677,0.0,37.4165738677,0.0,37.4165738677,0.0,37.4165738677,0.0,37.4165738677,0.0,37.4165738677,0.0,37.4165738677,0.0,37.4165738677,0.0,37.4165738677,0.0,37.4165738677,2.0,36.4005494463,27.0,56.1159513864,23.0,43.4165866922
Sheraden,70,15.0,33.5410196625,0.0,24.4948974278,0.0,24.4948974278,0.0,24.4948974278,0.0,24.4948974278,0.0,24.4948974278,0.0,24.4948974278,0.0,24.4948974278,0.0,24.4948974278,0.0,24.4948974278,0.0,24.4948974278,0.0,24.4948974278,0.0,24.4948974278,0.0,24.4948974278,0.0,24.4948974278,0.0,24.4948974278,0.0,24.4948974278,0.0,24.4948974278,15.0,33.5410196625
South Oakland,71,0.0,20.0,0.0,20.0,0.0,20.0,0.0,20.0,0.0,20.0,0.0,20.0,0.0,20.0,0.0,20.0,0.0,20.0,0.0,20.0,0.0,20.0,0.0,20.0,0.0,20.0,0.0,20.0,0.0,20.0,0.0,20.0,0.0,20.0,0.0,20.0,0.0,20.0
South Shore,72,0,10,0,10,0,10,0,10,0,10,0,10,0,10,0,10,0,10,0,10,0,10,0,10,0,10,0,10,0,10,0,10,0,10,0,10,0,10
South Side Flats,73,37.0,37.762415177,0.0,24.4948974278,0.0,24.4948974278,0.0,24.4948974278,0.0,24.4948974278,0.0,24.4948974278,0.0,24.4948974278,0.0,24.4948974278,0.0,24.4948974278,0.0,24.4948974278,0.0,24.4948974278,0.0,24.4948974278,0.0,24.4948974278,0.0,24.4948974278,0.0,24.4948974278,0.0,24.4948974278,0.0,24.4948974278,0.0,24.4948974278,37.0,37.762415177
South Side Slopes,74,14.0,28.9482296522,0.0,26.4575131106,0.0,26.4575131106,0.0,26.4575131106,0.0,26.4575131106,0.0,26.4575131106,0.0,26.4575131106,0.0,26.4575131106,0.0,26.4575131106,0.0,26.4575131106,0.0,26.4575131106,0.0,26.4575131106,0.0,26.4575131106,0.0,26.4575131106,0.0,26.4575131106,0.0,26.4575131106,0.0,26.4575131106,0.0,26.4575131106,14.0,28.9482296522
Spring Garden,75,0.0,14.1421356237,0.0,14.1421356237,0.0,14.1421356237,0.0,14.1421356237,0.0,14.1421356237,0.0,14.1421356237,0.0,14.1421356237,0.0,14.1421356237,0.0,14.1421356237,0.0,14.1421356237,0.0,14.1421356237,0.0,14.1421356237,0.0,14.1421356237,0.0,14.1421356237,0.0,14.1421356237,0.0,14.1421356237,0.0,14.1421356237,0.0,14.1421356237,0.0,14.1421356237
Spring Hill-City View,76,84.0,119.13437791,46.0,61.2372435696,0.0,17.3205080757,0.0,17.3205080757,38.0,60.6712452485,0.0,17.3205080757,0.0,17.3205080757,0.0,17.3205080757,0.0,17.3205080757,0.0,17.3205080757,0.0,17.3205080757,8.0,19.2093727123,0.0,17.3205080757,0.0,17.3205080757,0.0,17.3205080757,0.0,17.3205080757,0.0,17.3205080757,0.0,17.3205080757,38.0,60.6712452485
Squirrel Hill North,77,124.0,78.0448588953,83.0,62.1047502209,0.0,31.6227766016,0.0,31.6227766016,0.0,31.6227766016,0.0,31.6227766016,0.0,31.6227766016,0.0,31.6227766016,0.0,31.6227766016,0.0,31.6227766016,0.0,31.6227766016,0.0,31.6227766016,0.0,31.6227766016,0.0,31.6227766016,0.0,31.6227766016,0.0,31.6227766016,69.0,58.2408791142,14.0,37.2021504755,41.0,56.8682688324
Squirrel Hill South,78,137.0,103.397292035,53.0,70.0357051796,0.0,36.0555127546,0.0,36.0555127546,0.0,36.0555127546,9.0,37.7491721764,0.0,36.0555127546,0.0,36.0555127546,0.0,36.0555127546,0.0,36.0555127546,0.0,36.0555127546,0.0,36.0555127546,0.0,36.0555127546,0.0,36.0555127546,0.0,36.0555127546,0.0,36.0555127546,0.0,36.0555127546,44.0,68.2641926636,84.0,84.1783820229
St. Clair,79,0,10,0,10,0,10,0,10,0,10,0,10,0,10,0,10,0,10,0,10,0,10,0,10,0,10,0,10,0,10,0,10,0,10,0,10,0,10
Stanton Heights,80,0.0,20.0,0.0,20.0,0.0,20.0,0.0,20.0,0.0,20.0,0.0,20.0,0.0,20.0,0.0,20.0,0.0,20.0,0.0,20.0,0.0,20.0,0.0,20.0,0.0,20.0,0.0,20.0,0.0,20.0,0.0,20.0,0.0,20.0,0.0,20.0,0.0,20.0
Strip District,81,0,10,0,10,0,10,0,10,0,10,0,10,0,10,0,10,0,10,0,10,0,10,0,10,0,10,0,10,0,10,0,10,0,10,0,10,0,10
Summer Hill,82,0,10,0,10,0,10,0,10,0,10,0,10,0,10,0,10,0,10,0,10,0,10,0,10,0,10,0,10,0,10,0,10,0,10,0,10,0,10
Swisshelm Park,83,0,10,0,10,0,10,0,10,0,10,0,10,0,10,0,10,0,10,0,10,0,10,0,10,0,10,0,10,0,10,0,10,0,10,0,10,0,10
Terrace Village,84,5.0,16.7630546143,0.0,17.3205080757,0.0,17.3205080757,0.0,17.3205080757,0.0,17.3205080757,0.0,17.3205080757,0.0,17.3205080757,0.0,17.3205080757,0.0,17.3205080757,0.0,17.3205080757,0.0,17.3205080757,0.0,17.3205080757,0.0,17.3205080757,0.0,17.3205080757,0.0,17.3205080757,0.0,17.3205080757,0.0,17.3205080757,0.0,17.3205080757,5.0,16.7630546143
Troy Hill,85,0.0,14.1421356237,0.0,14.1421356237,0.0,14.1421356237,0.0,14.1421356237,0.0,14.1421356237,0.0,14.1421356237,0.0,14.1421356237,0.0,14.1421356237,0.0,14.1421356237,0.0,14.1421356237,0.0,14.1421356237,0.0,14.1421356237,0.0,14.1421356237,0.0,14.1421356237,0.0,14.1421356237,0.0,14.1421356237,0.0,14.1421356237,0.0,14.1421356237,0.0,14.1421356237
Upper Hill,86,0.0,17.3205080757,0.0,17.3205080757,0.0,17.3205080757,0.0,17.3205080757,0.0,17.3205080757,0.0,17.3205080757,0.0,17.3205080757,0.0,17.3205080757,0.0,17.3205080757,0.0,17.3205080757,0.0,17.3205080757,0.0,17.3205080757,0.0,17.3205080757,0.0,17.3205080757,0.0,17.3205080757,0.0,17.3205080757,0.0,17.3205080757,0.0,17.3205080757,0.0,17.3205080757
Upper Lawrenceville,87,14.0,26.1533936612,0.0,17.3205080757,0.0,17.3205080757,0.0,17.3205080757,0.0,17.3205080757,0.0,17.3205080757,0.0,17.3205080757,0.0,17.3205080757,0.0,17.3205080757,0.0,17.3205080757,0.0,17.3205080757,0.0,17.3205080757,0.0,17.3205080757,0.0,17.3205080757,0.0,17.3205080757,0.0,17.3205080757,0.0,17.3205080757,0.0,17.3205080757,14.0,26.1533936612
West End,88,0,10,0,10,0,10,0,10,0,10,0,10,0,10,0,10,0,10,0,10,0,10,0,10,0,10,0,10,0,10,0,10,0,10,0,10,0,10
West Oakland,89,0.0,14.1421356237,0.0,14.1421356237,0.0,14.1421356237,0.0,14.1421356237,0.0,14.1421356237,0.0,14.1421356237,0.0,14.1421356237,0.0,14.1421356237,0.0,14.1421356237,0.0,14.1421356237,0.0,14.1421356237,0.0,14.1421356237,0.0,14.1421356237,0.0,14.1421356237,0.0,14.1421356237,0.0,14.1421356237,0.0,14.1421356237,0.0,14.1421356237,0.0,14.1421356237
Westwood,90,0.0,14.1421356237,0.0,14.1421356237,0.0,14.1421356237,0.0,14.1421356237,0.0,14.1421356237,0.0,14.1421356237,0.0,14.1421356237,0.0,14.1421356237,0.0,14.1421356237,0.0,14.1421356237,0.0,14.1421356237,0.0,14.1421356237,0.0,14.1421356237,0.0,14.1421356237,0.0,14.1421356237,0.0,14.1421356237,0.0,14.1421356237,0.0,14.1421356237,0.0,14.1421356237
Windgap,91,0.0,14.1421356237,0.0,14.1421356237,0.0,14.1421356237,0.0,14.1421356237,0.0,14.1421356237,0.0,14.1421356237,0.0,14.1421356237,0.0,14.1421356237,0.0,14.1421356237,0.0,14.1421356237,0.0,14.1421356237,0.0,14.1421356237,0.0,14.1421356237,0.0,14.1421356237,0.0,14.1421356237,0.0,14.1421356237,0.0,14.1421356237,0.0,14.1421356237,0.0,14.1421356237
